{
  "indexes": [
    {
      "collectionGroup": "issues",
      "queryScope": "COLLECTION",
      "fields": [
        {
          "fieldPath": "issue_completed",
          "order": "ASCENDING"
        },
        {
          "fieldPath": "issue_order",
          "order": "ASCENDING"
        }
      ]
    },
    {
      "collectionGroup": "user_status",
      "queryScope": "COLLECTION",
      "fields": [
        {
          "fieldPath": "account_status",
          "order": "ASCENDING"
        },
        {
          "fieldPath": "verification_date",
          "order": "ASCENDING"
        }
      ]
    },
    {
      "collectionGroup": "projects",
      "queryScope": "COLLECTION",
      "fields": [
        {
          "fieldPath": "project_folder",
          "order": "ASCENDING"
        },
        {
          "fieldPath": "project_date",
          "order": "DESCENDING"
        }
      ]
    },
    {
      "collectionGroup": "projects",
      "queryScope": "COLLECTION",
      "fields": [
        {
          "fieldPath": "status",
          "order": "ASCENDING"
        },
        {
          "fieldPath": "created_at",
          "order": "ASCENDING"
        }
      ]
    },
    {
      "collectionGroup": "themes",
      "queryScope": "COLLECTION",
      "fields": [
        {
          "fieldPath": "published",
          "order": "ASCENDING"
        },
        {
          "fieldPath": "order",
          "order": "ASCENDING"
        }
      ]
    },
    {
      "collectionGroup": "exports",
      "queryScope": "COLLECTION",
      "fields": [
        {
          "fieldPath": "status",
          "order": "ASCENDING"
        },
        {
          "fieldPath": "created_at",
          "order": "ASCENDING"
        }
      ]
    }
  ],
  "fieldOverrides": []
}
